<?xml version="1.0" encoding="UTF-8"?>

<!--
 Copyright 2006 Sun Microsystems, Inc. All rights reserved.
 Use is subject to license terms.
-->

<application version="1.4" xmlns="http://java.sun.com/xml/ns/j2ee" xmlns:xsi="http://www.w3.org/2001/XMLSchema-instance" xsi:schemaLocation="http://java.sun.com/xml/ns/j2ee http://java.sun.com/xml/ns/j2ee/application_1_4.xsd">
  <description>J2EE Application clusterjspApp</description>
  <display-name>clusterjspApp</display-name>  
  <module>
    <web>
      <web-uri>clusterjsp.war</web-uri>
      <context-root>/clusterjsp</context-root>
    </web>
  </module>
</application>
