<registry>
  <service_tag>
    <instance_urn></instance_urn>
    <product_name>Sun Java System Application Server</product_name>
    <product_version>9.1</product_version>
    <product_urn>urn:uuid:f49ff605-60a0-11dc-9b8e-080020a9ed93</product_urn>
    <product_parent_urn>urn:uuid:a573278d-43d6-11d9-9607-080020a9ed93</product_parent_urn>
    <product_parent>Sun Java System Application Server</product_parent>
    <product_defined_inst_id></product_defined_inst_id>
    <product_vendor>Sun Micosystems Inc.</product_vendor>
    <platform_arch></platform_arch>
    <container>global</container>
    <source>Sun Java System Application Server Native Packages</source>
    <status>NOT_TRANSFERRED</status>
    <registration_status>NOT_REGISTERED</registration_status>
  </service_tag>
  <registration_reminder>ASK_FOR_REGISTRATION</registration_reminder>
</registry>
